motif	nt63	type	id	gene	orf_classification	class	positive	bulky	p	g	d	strength	loc
KRAAARQAMAAAKAKAKKAAA	AAGCGTGCAGCAGCAAGGCAGGCAATGGCAGCAGCAAAAGCAAAAGCCAAAAAAGCAGCAGCA	posbulky	YAR047C	NA	ala_control	endo_ala_cntrl	7	0	0	0	0	NA	NA
TREARAPSQAAAARRARAARR	ACTAGAGAAGCTCGTGCACCATCCCAAGCAGCAGCAGCAAGAAGAGCACGTGCAGCAAGAAGA	posbulky	YBL027W	RPL19B	ala_control	endo_ala_cntrl	7	0	1	0	0	NA	NA
AATKAKKKKAANRAKAQKANA	GCAGCAACAAAAGCAAAAAAGAAGAAAGCAGCAAATAGGGCTAAAGCACAAAAGGCAAATGCA	FK	YBR129C	OPY1	ala_control	endo_ala_cntrl	8	0	0	0	0	NA	NA
KAAGKKDAKMAARARKAAREA	AAAGCAGCAGGTAAAAAGGATGCAAAAATGGCAGCAAGAGCAAGAAAGGCAGCAAGGGAAGCA	FK	YCL054W	SPB1	ala_control	endo_ala_cntrl	8	0	0	1	1	NA	NA
KAPRSSAAAENKAAKAKKAKR	AAAGCACCTAGATCATCGGCAGCAGCAGAGAATAAAGCAGCAAAGGCAAAAAAGGCAAAGAGG	posbulky	YDL030W	PRP9	ala_control	endo_ala_cntrl	8	0	1	0	0	NA	NA
AAKACHSNAGKRGAAARGKAK	GCAGCAAAGGCATGTCACAGCAATGCAGGGAAAAGAGGTGCAGCAGCACGTGGTAAGGCAAAG	posbulky	YDL035C	GPR1	ala_control	endo_ala_cntrl	6	0	0	3	0	NA	NA
EAASRAQEQNTKKARKRAARA	GAAGCAGCATCTCGTGCACAAGAACAAAATACTAAGAAAGCAAGAAAAAGGGCAGCACGAGCA	posbulky	YDL056W	MBP1	ala_control	endo_ala_cntrl	7	0	0	0	0	NA	NA
SRAKAKKRASRRAAAADKAAA	AGCCGTGCAAAAGCAAAAAAAAGAGCATCTCGAAGGGCAGCAGCAGCAGACAAGGCAGCAGCA	FK	YDR030C	RAD28	ala_control	endo_ala_cntrl	8	0	0	0	1	NA	NA
DAAAEDAAAADCRAKRRKKAK	GATGCAGCAGCAGAAGATGCAGCAGCAGCAGATTGCAGAGCGAAACGACGAAAAAAAGCAAAG	posbulky	YEL057C	SDD1	ala_control	endo_ala_cntrl	7	0	0	0	3	NA	NA
KKQAEEAAKSTKAARRAAAAA	AAAAAGCAAGCAGAAGAAGCAGCAAAATCAACCAAAGCAGCAAGAAGAGCAGCAGCAGCAGCA	posbulky	YER093C	TSC11	ala_control	endo_ala_cntrl	6	0	0	0	0	NA	NA
AACRSKAAAKDARAAAARKKQ	GCTGCATGTAGAAGTAAAGCAGCAGCAAAGGATGCAAGGGCAGCAGCAGCAAGGAAAAAGCAA	posbulky	YER116C	SLX8	ala_control	endo_ala_cntrl	7	0	0	0	1	NA	NA
AAARADAPARNRAARRAKAAA	GCAGCAGCACGCGCAGACGCACCCGCAAGAAATCGAGCAGCACGTCGTGCAAAAGCAGCAGCA	posbulky	YER158W-A	NA	ala_control	endo_ala_cntrl	6	0	1	0	1	NA	NA
RAARAKDARACKRQERAKARA	CGGGCAGCACGAGCAAAAGACGCACGGGCATGCAAACGCCAAGAAAGGGCAAAAGCACGGGCA	FK	YFL021C-A	NA	ala_control	endo_ala_cntrl	9	0	0	0	1	NA	NA
DAAAANTGAQNARKARTKKAK	GATGCCGCAGCAGCAAATACCGGTGCACAGAACGCAAGAAAAGCAAGGACAAAAAAAGCAAAA	posbulky	YFL049W	SWP82	ala_control	endo_ala_cntrl	6	0	0	1	1	NA	NA
QAARAAAKRSTNKKSKAARKA	CAGGCAGCAAGAGCAGCAGCAAAAAGGTCAACCAACAAAAAATCTAAAGCAGCACGTAAGGCA	FK	YFR010W	UBP6	ala_control	endo_ala_cntrl	8	0	0	0	0	NA	NA
ADANARDAEKKAKAKAKKRSA	GCAGATGCAAATGCAAGAGATGCAGAGAAAAAGGCAAAAGCAAAAGCAAAGAAAAGATCAGCA	FK	YGL113W	SLD3	ala_control	endo_ala_cntrl	8	0	0	0	2	NA	NA
KAAAAKKAGAAAARRNKKAAK	AAGGCAGCAGCAGCAAAGAAAGCAGGAGCCGCAGCAGCACGTAGAAATAAGAAGGCAGCAAAG	FK	YGL206C	CHC1	ala_control	endo_ala_cntrl	8	0	0	1	0	NA	NA
ATAHSKAARRMRRAAAKARAA	GCAACGGCACATTCTAAAGCAGCACGAAGAATGAGAAGAGCAGCAGCAAAAGCACGCGCAGCA	posbulky	YGR004W	PEX31	ala_control	endo_ala_cntrl	7	0	0	0	0	NA	NA
MRTKNKAAAKKAKAARAARTA	ATGAGAACGAAGAATAAAGCAGCAGCAAAAAAGGCAAAGGCAGCAAGAGCAGCACGTACAGCA	FK	YGR068C	ART5	ala_control	endo_ala_cntrl	8	0	0	0	0	NA	NA
AKEAPTDAAADRAAKAKKAAK	GCAAAGGAGGCACCCACCGACGCAGCAGCAGACAGGGCAGCAAAAGCAAAAAAAGCAGCAAAA	posbulky	YGR097W	ASK10	ala_control	endo_ala_cntrl	6	0	1	0	2	NA	NA
KMHARKQAAANARHRRKAAAA	AAGATGCATGCAAGGAAGCAAGCAGCAGCAAACGCAAGACATCGAAGAAAAGCAGCAGCAGCA	posbulky	YGR265W	NA	ala_control	endo_ala_cntrl	7	0	0	0	0	NA	NA
AGQGRAAQGAAAKKRRKRAQG	GCAGGACAAGGTCGTGCAGCACAAGGCGCAGCAGCAAAAAAAAGGAGAAAGAGAGCACAAGGT	posbulky	YHR073W	OSH3	ala_control	endo_ala_cntrl	7	0	0	4	0	NA	NA
AAKKGAASASTAARGKKKKKK	GCAGCAAAGAAGGGTGCAGCAAGTGCATCAACAGCAGCAAGAGGTAAAAAAAAAAAAAAAAAA	posbulky	YHR095W	NA	ala_control	endo_ala_cntrl	9	0	0	2	0	NA	NA
DAADNKPDAETAAKRARAARR	GACGCAGCAGACAATAAACCGGATGCAGAAACTGCAGCAAAGAGAGCACGTGCAGCACGAAGG	posbulky	YHR099W	TRA1	ala_control	endo_ala_cntrl	6	0	1	0	3	NA	NA
EADKATAQSGAKAKAAKAKEK	GAGGCCGATAAGGCAACGGCACAATCTGGCGCAAAAGCAAAAGCAGCAAAGGCAAAGGAAAAG	posbulky	YHR188C	GPI16	ala_control	endo_ala_cntrl	6	0	0	1	1	NA	NA
ERCASHAKDAERARNDARAAK	GAGCGATGTGCATCTCACGCAAAGGATGCAGAGAGAGCACGCAATGATGCAAGGGCAGCAAAA	posbulky	YJL013C	MAD3	ala_control	endo_ala_cntrl	6	0	0	0	2	NA	NA
PAAQHTHAKRRKRPRARAAAA	CCCGCAGCACAACACACACACGCAAAGAGACGCAAACGGCCTCGTGCAAGGGCAGCAGCCGCA	posbulky	YJL118W	NA	ala_control	endo_ala_cntrl	7	0	2	0	0	NA	NA
GACAKAADKKSARKAKKEAAK	GGGGCATGTGCAAAAGCAGCAGACAAGAAAAGTGCACGAAAGGCAAAAAAGGAAGCAGCAAAA	FK	YKL072W	STB6	ala_control	endo_ala_cntrl	8	0	0	1	1	NA	NA
EAKKRKAAADNAKRAASAATK	GAAGCAAAAAAGAGGAAAGCAGCAGCCGACAACGCAAAACGAGCAGCATCTGCAGCAACGAAG	posbulky	YKL092C	BUD2	ala_control	endo_ala_cntrl	7	0	0	0	1	NA	NA
REAAAAEDGRAAAKRARSKAR	CGAGAGGCAGCAGCAGCAGAAGATGGAAGAGCAGCAGCAAAGAGGGCAAGAAGCAAAGCACGT	posbulky	YKR101W	SIR1	ala_control	endo_ala_cntrl	7	0	0	1	1	NA	NA
AAKKARAAADHKAKRKRAASA	GCAGCAAAAAAAGCAAGAGCAGCAGCAGACCATAAGGCAAAAAGGAAGCGTGCAGCATCAGCA	posbulky	YLL048C	YBT1	ala_control	endo_ala_cntrl	8	0	0	0	1	NA	NA
NRRKARAARAAQKKMAQAAKA	AACAGAAGAAAGGCAAGAGCAGCAAGAGCAGCACAAAAAAAAATGGCACAAGCAGCAAAAGCA	FK	YLR233C	EST1	ala_control	endo_ala_cntrl	8	0	0	0	0	NA	NA
QESARAAHKEQKRRAKRAAAA	CAAGAAAGTGCAAGGGCAGCACATAAAGAACAGAAACGCCGCGCAAAAAGGGCAGCAGCAGCA	posbulky	YLR312C	ATG39	ala_control	endo_ala_cntrl	7	0	0	0	0	NA	NA
AEADKRTKAGAKAKKAAKKAT	GCAGAGGCAGATAAGAGGACCAAAGCAGGCGCAAAAGCAAAAAAAGCAGCAAAAAAAGCAACT	FK	YML015C	TAF11	ala_control	endo_ala_cntrl	8	0	0	1	1	NA	NA
KAAKMAKRRKNAKQARRAAAA	AAAGCAGCAAAAATGGCAAAACGTCGGAAAAACGCAAAACAAGCAAGAAGAGCAGCAGCAGCG	FK	YMR102C	LAF1	ala_control	endo_ala_cntrl	9	0	0	0	0	NA	NA
ARANKNKKTASRRKRAAKAAA	GCAAGGGCAAATAAAAATAAGAAGACCGCATCAAGGCGAAAAAGAGCAGCAAAGGCAGCAGCA	FK	YMR172W	HOT1	ala_control	endo_ala_cntrl	9	0	0	0	0	NA	NA
AAKGAARNEAEAKKSRRAAAA	GCAGCAAAAGGAGCAGCACGAAATGAGGCAGAAGCAAAAAAGTCACGCAGAGCAGCAGCAGCA	posbulky	YMR207C	HFA1	ala_control	endo_ala_cntrl	6	0	0	1	0	NA	NA
KSAEAANDAPEKAKKRKARAP	AAATCAGCAGAGGCAGCAAACGATGCACCAGAAAAGGCAAAAAAGAGAAAAGCAAGAGCACCC	posbulky	YMR270C	RRN9	ala_control	endo_ala_cntrl	7	0	2	0	1	NA	NA
AKAAKRARAAREMKKAHAKDQ	GCAAAAGCAGCAAAAAGAGCACGCGCAGCAAGAGAAATGAAAAAAGCACATGCAAAAGATCAA	FK	YOR193W	PEX27	ala_control	endo_ala_cntrl	8	0	0	0	1	NA	NA
APQRAAAAANPAAMMKRKKRK	GCACCGCAAAGGGCAGCAGCAGCAGCAAATCCGGCAGCAATGATGAAGAGGAAGAAAAGAAAG	posbulky	YOR309C	NA	ala_control	endo_ala_cntrl	7	0	2	0	0	NA	NA
KKAAAKQAAAARKARKAAKPE	AAGAAGGCAGCAGCAAAACAGGCAGCAGCAGCAAGAAAAGCACGAAAAGCAGCAAAACCAGAA	FK	YOR320C	GNT1	ala_control	endo_ala_cntrl	8	0	1	0	0	NA	NA
AAAKCAKAAKAPAKRRNRRPA	GCAGCAGCAAAATGTGCAAAAGCAGCAAAGGCACCAGCAAAGAGAAGGAATAGGAGACCTGCA	FK	YPL147W	PXA1	ala_control	endo_ala_cntrl	8	0	2	0	0	NA	NA
AKNGKAAKAAKNRRRAASKAD	GCAAAAAATGGTAAAGCAGCAAAAGCAGCAAAAAATAGGCGTAGAGCAGCATCAAAGGCAGAT	FK	YPL157W	TGS1	ala_control	endo_ala_cntrl	8	0	0	1	1	NA	NA
AAAATSAGAKAKKKARKARAA	GCAGCAGCAGCAACCTCAGCAGGAGCAAAGGCAAAGAAAAAGGCACGGAAAGCACGGGCAGCA	posbulky	YPL158C	AIM44	ala_control	endo_ala_cntrl	7	0	0	1	0	NA	NA
QAGGAPGGAAGGAPGGAPGGA	CAAGCTGGTGGTGCTCCAGGTGGCGCTGCAGGTGGTGCTCCAGGCGGTGCACCAGGTGGTGCT	pd_pg	YAL005C	SSA1	ala_control	endo_ala_cntrl	0	0	3	10	0	NA	NA
AGQPDPKAAQQAAGGGGPDDP	GCCGGCCAACCTGATCCTAAAGCAGCACAGCAGGCAGCAGGTGGTGGTGGTCCTGACGATCCA	pd_pg	YBR101C	FES1	ala_control	endo_ala_cntrl	1	0	4	5	3	NA	NA
DRKPDDDPASSSDPDPDADSA	GACCGAAAACCTGACGACGACCCAGCATCTAGCAGCGATCCCGATCCGGATGCAGACAGTGCA	pd_pg	YBR179C	FZO1	ala_control	endo_ala_cntrl	2	0	4	0	8	NA	NA
PHEGPMCDAAASDPDDRGGAG	CCTCATGAAGGTCCTATGTGTGACGCAGCAGCATCAGACCCTGACGATAGAGGCGGAGCAGGA	pd_pg	YDL134C	PPH21	ala_control	endo_ala_cntrl	1	0	3	4	4	NA	NA
PHEGPMCDAAASDPDDRGGAG	CCTCACGAAGGTCCAATGTGTGACGCAGCAGCATCCGATCCTGATGATAGAGGCGGAGCAGGA	pd_pg	YDL188C	PPH22	ala_control	endo_ala_cntrl	1	0	3	4	4	NA	NA
GGSRGGADGPRGDAGPPRDAA	GGTGGTTCAAGAGGTGGTGCAGATGGTCCAAGAGGCGATGCAGGTCCTCCAAGAGATGCAGCA	pd_pg	YDR432W	NPL3	ala_control	endo_ala_cntrl	3	0	3	7	3	NA	NA
GASRGGAGGPRNDAGPPRGSA	GGTGCATCCAGAGGTGGCGCAGGTGGTCCAAGAAATGATGCAGGTCCTCCAAGAGGTAGCGCA	pd_pg	YDR432W	NPL3	ala_control	endo_ala_cntrl	3	0	3	7	1	NA	NA
NDAGPPRGSAGGSRGGADGPR	AATGATGCAGGTCCTCCAAGAGGTAGCGCAGGTGGTTCAAGAGGTGGTGCAGATGGTCCAAGA	pd_pg	YDR432W	NPL3	ala_control	endo_ala_cntrl	3	0	3	7	2	NA	NA
AAPSPDAPGSDDPAAGDPDAD	GCAGCACCTTCCCCGGATGCACCGGGTAGCGATGACCCTGCAGCAGGTGATCCTGATGCAGAC	pd_pg	YDR456W	NHX1	ala_control	endo_ala_cntrl	0	0	5	2	6	NA	NA
RAADPDDDDEAAPSPDAPGSD	AGAGCAGCAGATCCTGACGATGATGATGAAGCAGCACCTTCCCCGGATGCACCGGGTAGCGAT	pd_pg	YDR456W	NHX1	ala_control	endo_ala_cntrl	1	0	4	1	7	NA	NA
DASGDGPPAQAAADDPKKGDQ	GATGCATCCGGAGATGGACCACCAGCACAAGCAGCAGCAGATGACCCAAAAAAGGGTGATCAA	pd_pg	YDR457W	TOM1	ala_control	endo_ala_cntrl	2	0	3	3	5	NA	NA
GAAGGAPGAGPAPGAGAGPTG	GGAGCTGCAGGTGGTGCCCCAGGAGCAGGCCCAGCACCGGGTGCTGGAGCAGGCCCCACTGGA	pd_pg	YER103W	SSA4	ala_control	endo_ala_cntrl	0	0	4	9	0	NA	NA
AGADAHDAGGNPNADDPDPMA	GCAGGGGCAGATGCACACGACGCAGGTGGTAATCCAAACGCAGACGACCCAGATCCAATGGCA	pd_pg	YFR006W	NA	ala_control	endo_ala_cntrl	0	0	3	3	5	NA	NA
GRNDDGDDNNDPDDGTAPPAA	GGAAGGAATGACGATGGCGATGATAATAATGATCCCGACGATGGAACAGCACCACCAGCAGCA	pd_pg	YHR034C	PIH1	ala_control	endo_ala_cntrl	1	0	3	3	7	NA	NA
SAAPGNPNAPPDEDAADDDGD	TCCGCAGCACCGGGAAATCCAAACGCACCTCCAGACGAAGATGCAGCAGATGATGACGGGGAC	pd_pg	YHR205W	SCH9	ala_control	endo_ala_cntrl	0	0	4	2	6	NA	NA
DTPEDTTPDNGRAPDADKDAD	GACACGCCAGAGGATACTACCCCTGACAACGGGAGAGCACCTGACGCTGATAAAGACGCTGAC	pd_pg	YKR066C	CCP1	ala_control	endo_ala_cntrl	2	0	3	1	7	NA	NA
GAAPPNAGGGGGGGGAGAPAA	GGAGCAGCACCACCTAATGCTGGTGGAGGCGGTGGAGGAGGAGGAGCTGGAGCACCTGCCGCA	pd_pg	YLR338W	OPI9	ala_control	endo_ala_cntrl	0	0	3	10	0	NA	NA
KNGGGGGGPGGPGAGGAHDPA	AAGAATGGCGGTGGCGGTGGCGGTCCAGGAGGCCCTGGCGCAGGTGGAGCACACGATCCGGCA	pd_pg	YMR214W	SCJ1	ala_control	endo_ala_cntrl	1	0	3	11	1	NA	NA
PSAGPGGPGGAGGAGGAPGGA	CCAAGCGCAGGTCCTGGTGGTCCTGGCGGTGCTGGAGGTGCTGGAGGCGCACCTGGCGGTGCG	pd_pg	YNL007C	SIS1	ala_control	endo_ala_cntrl	0	0	4	11	0	NA	NA
GGAGGPGGPGGQGAGRQGPQG	GGTGGAGCAGGCGGTCCAGGCGGCCCTGGCGGTCAAGGTGCAGGAAGACAAGGCCCACAAGGA	pd_pg	YNL208W	NA	ala_control	endo_ala_cntrl	1	0	3	12	0	NA	NA
GRQGPQGAGGPGPQEAGGPGG	GGAAGACAAGGCCCACAAGGAGCAGGAGGTCCTGGTCCACAAGAGGCAGGTGGTCCAGGTGGC	pd_pg	YNL208W	NA	ala_control	endo_ala_cntrl	1	0	4	10	0	NA	NA
EPADPRDADADGPDDPDNPHN	GAGCCAGCAGACCCAAGAGATGCAGATGCAGACGGGCCCGATGACCCAGACAATCCGCATAAT	pd_pg	YOR273C	TPO4	ala_control	endo_ala_cntrl	1	0	5	1	7	NA	NA
KRFLYRQIMIALKIKAKKFWF	AAGCGTTTCCTGTATAGGCAGATAATGATTGCATTGAAAATAAAAGCCAAAAAATTTTGGTTC	posbulky	YAR047C	NA	Dubious	endo_stall	7	10	0	0	0	19.5	66
TREARLPSQVVWIRRLRVLRR	ACTAGAGAAGCTCGTTTACCATCCCAAGTCGTCTGGATCAGAAGATTACGTGTCTTGAGAAGA	posbulky	YBL027W	RPL19B	Verified	endo_stall	7	8	1	0	0	19.5	94
LYTKVKKKKLFNRAKWQKFNV	CTTTACACAAAAGTGAAAAAGAAGAAACTGTTCAATAGGGCTAAATGGCAAAAGTTCAATGTG	FK	YBR129C	OPY1	Verified	endo_stall	8	8	0	0	0	12	232
KVLGKKDFKMILRWRKIAREI	AAAGTCTTGGGTAAAAAGGATTTTAAAATGATCCTAAGATGGAGAAAGATTGCAAGGGAAATC	FK	YCL054W	SPB1	Verified	endo_stall	8	8	0	1	1	10	318
KLPRSSLIAENKIYKFKKVKR	AAACTGCCTAGATCATCGTTGATTGCAGAGAATAAAATATACAAGTTTAAAAAGGTTAAGAGG	posbulky	YDL030W	PRP9	Verified	endo_stall	8	7	1	0	0	20.5	57
ILKFCHSNWGKRGWYYRGKWK	ATTCTGAAGTTTTGTCACAGCAATTGGGGGAAAAGAGGTTGGTATTATCGTGGTAAGTGGAAG	posbulky	YDL035C	GPR1	Verified	endo_stall	6	8	0	3	0	19.5	720
EILSRLQEQNTKKLRKRLIRY	GAAATTTTATCTCGTCTACAAGAACAAAATACTAAGAAATTGAGAAAAAGGCTCATACGATAC	posbulky	YDL056W	MBP1	Verified	endo_stall	7	7	0	0	0	20	699
SRIKYKKRVSRRLLWFDKFLL	AGCCGTATCAAATACAAAAAAAGAGTATCTCGAAGGTTGCTTTGGTTTGACAAGTTTTTACTG	FK	YDR030C	RAD28	Verified	endo_stall	8	10	0	0	1	12	420
DFFYEDYLIFDCRAKRRKKLK	GATTTCTTTTATGAAGATTATTTGATTTTCGATTGCAGAGCGAAACGACGAAAAAAATTGAAG	posbulky	YEL057C	SDD1	Verified	endo_stall	7	8	0	0	3	19	205
KKQLEELVKSTKFIRRLLVFY	AAAAAGCAACTAGAAGAATTAGTTAAATCAACCAAATTCATCAGAAGACTTTTGGTGTTTTAC	posbulky	YER093C	TSC11	Verified	endo_stall	6	10	0	0	0	19.5	783
ALCRSKVYLKDVRLIILRKKQ	GCTCTTTGTAGAAGTAAAGTGTACTTAAAGGATGTGAGGTTAATTATTCTAAGGAAAAAGCAA	posbulky	YER116C	SLX8	Verified	endo_stall	7	9	0	0	1	19	257
LLLRIDLPLRNRIFRRLKLFF	CTTCTTCTACGCATAGACCTTCCCTTAAGAAATCGAATTTTTCGTCGTTTAAAATTGTTTTTT	posbulky	YER158W-A	NA	Dubious	endo_stall	6	12	1	0	1	21	36
RLIRWKDVRLCKRQERFKIRL	CGGTTAATTCGATGGAAAGACGTGCGGTTATGCAAACGCCAAGAAAGGTTCAAAATACGGTTA	FK	YFL021C-A	NA	Dubious	endo_stall	9	8	0	0	1	10	135
DAVFVNTGLQNVRKVRTKKWK	GATGCCGTTTTTGTTAATACCGGTTTGCAGAACGTTAGAAAAGTTAGGACAAAAAAATGGAAA	posbulky	YFL049W	SWP82	Verified	endo_stall	6	7	0	1	1	20	484
QYVRFFWKRSTNKKSKILRKV	CAGTACGTTAGATTTTTCTGGAAAAGGTCAACCAACAAAAAATCTAAAATATTGCGTAAGGTC	FK	YFR010W	UBP6	Verified	endo_stall	8	8	0	0	0	10	323
LDWNFRDFEKKYKLKLKKRSL	TTAGATTGGAATTTTAGAGATTTTGAGAAAAAGTATAAATTAAAATTGAAGAAAAGATCACTT	FK	YGL113W	SLD3	Verified	endo_stall	8	8	0	0	2	11	297
KLIFFKKIGALLYRRNKKWAK	AAGCTAATTTTTTTCAAGAAAATAGGAGCCCTGTTATACCGTAGAAATAAGAAGTGGGCAAAG	FK	YGL206C	CHC1	Verified	endo_stall	8	9	0	1	0	11	1519
LTYHSKLIRRMRRYLWKFRVV	CTTACGTACCATTCTAAACTAATCCGAAGAATGAGAAGATACTTGTGGAAATTTCGCGTTGTT	posbulky	YGR004W	PEX31	Verified	endo_stall	7	10	0	0	0	21	219
MRTKNKIIIKKFKYLRILRTL	ATGAGAACGAAGAATAAAATTATCATCAAAAAGTTCAAGTATCTCAGAATCCTTCGTACATTA	FK	YGR068C	ART5	Verified	endo_stall	8	9	0	0	0	11	305
VKEYPTDILVDRFYKWKKILK	GTTAAGGAGTATCCCACCGACATCCTTGTAGACAGGTTTTATAAATGGAAAAAAATTCTGAAA	posbulky	YGR097W	ASK10	Verified	endo_stall	6	10	1	0	2	19.5	119
KMHIRKQIIINIRHRRKFVIV	AAGATGCATATCAGGAAGCAAATCATCATTAACATTAGACATCGAAGAAAATTTGTCATCGTC	posbulky	YGR265W	NA	Dubious	endo_stall	7	9	0	0	0	19	95
VGQGRYLQGYLLKKRRKRLQG	GTAGGACAAGGTCGTTACTTGCAAGGCTACCTGCTGAAAAAAAGGAGAAAGAGACTACAAGGT	posbulky	YHR073W	OSH3	Verified	endo_stall	7	7	0	4	0	20	228
LLKKGFFSWSTLFRGKKKKKK	CTCTTGAAGAAGGGTTTTTTCAGTTGGTCAACACTCTTTAGAGGTAAAAAAAAAAAAAAAAAA	posbulky	YHR095W	NA	Dubious	endo_stall	9	7	0	2	0	21	106
DFIDNKPDYETYIKRLRYWRR	GACTTTATTGACAATAAACCGGATTACGAAACTTATATCAAGAGATTACGTTACTGGCGAAGG	posbulky	YHR099W	TRA1	Verified	endo_stall	6	8	1	0	3	19	3309
EADKITLQSGLKYKLLKLKEK	GAGGCCGATAAGATTACGTTGCAATCTGGCTTAAAATACAAATTGCTAAAGCTAAAGGAAAAG	posbulky	YHR188C	GPI16	Verified	endo_stall	6	7	0	1	1	19	590
ERCLSHLKDLERYRNDVRFLK	GAGCGATGTTTATCTCACTTAAAGGATTTGGAGAGATATCGCAATGATGTTAGGTTTCTTAAA	posbulky	YJL013C	MAD3	Verified	endo_stall	6	7	0	0	2	19	118
PIIQHTHVKRRKRPRLRIVAI	CCCATTATACAACACACACACGTTAAGAGACGCAAACGGCCTCGTCTGAGGATCGTAGCCATC	posbulky	YJL118W	NA	Verified	endo_stall	7	7	2	0	0	19	137
GLCFKILDKKSLRKLKKEFWK	GGGCTGTGTTTTAAAATTTTAGACAAGAAAAGTCTTCGAAAGTTAAAAAAGGAATTCTGGAAA	FK	YKL072W	STB6	Verified	endo_stall	8	8	0	1	1	10	734
EVKKRKIIADNYKRLYSWVTK	GAAGTAAAAAAGAGGAAAATAATTGCCGACAACTACAAACGATTGTATTCTTGGGTTACGAAG	posbulky	YKL092C	BUD2	Verified	endo_stall	7	8	0	0	1	19	622
REFFLLEDGRIILKRIRSKLR	CGAGAGTTTTTCTTGTTAGAAGATGGAAGAATAATTCTGAAGAGGATCAGAAGCAAATTACGT	posbulky	YKR101W	SIR1	Verified	endo_stall	7	9	0	1	1	19.5	90
VVKKFRYFVDHKVKRKRIFSL	GTAGTGAAAAAATTCAGATATTTTGTTGACCATAAGGTTAAAAGGAAGCGTATTTTTTCACTA	posbulky	YLL048C	YBT1	Verified	endo_stall	8	10	0	0	1	19	334
NRRKFRVFRIFQKKMIQFFKI	AACAGAAGAAAGTTCAGAGTTTTTAGAATTTTTCAAAAAAAAATGATTCAATTTTTCAAAATT	FK	YLR233C	EST1	Verified	endo_stall	8	9	0	0	0	12	120
QESLRVLHKEQKRRWKRLFVL	CAAGAAAGTTTAAGGGTATTGCATAAAGAACAGAAACGCCGCTGGAAAAGGCTCTTTGTGCTA	posbulky	YLR312C	ATG39	Verified	endo_stall	7	8	0	0	0	19	296
IEFDKRTKIGYKLKKYLKKLT	ATAGAGTTTGATAAGAGGACCAAAATAGGCTATAAATTGAAAAAATATCTAAAAAAATTGACT	FK	YML015C	TAF11	Verified	endo_stall	8	8	0	1	1	10	211
KYIKMLKRRKNLKQFRRLFLA	AAATACATTAAAATGTTGAAACGTCGGAAAAACCTGAAACAATTTAGAAGATTGTTTCTCGCG	FK	YMR102C	LAF1	Uncharacterized	endo_stall	9	8	0	0	0	10	141
WRLNKNKKTFSRRKRLYKFIL	TGGAGGCTCAATAAAAATAAGAAGACCTTTTCAAGGCGAAAAAGATTGTACAAGTTCATTCTG	FK	YMR172W	HOT1	Verified	endo_stall	9	8	0	0	0	12	664
LVKGVIRNELEWKKSRRFLYW	CTAGTTAAAGGAGTAATCCGAAATGAGTTGGAATGGAAAAAGTCACGCAGATTTTTATATTGG	posbulky	YMR207C	HFA1	Verified	endo_stall	6	10	0	1	0	21	2010
KSLELYNDIPEKYKKRKFRLP	AAATCATTAGAGCTATATAACGATATCCCAGAAAAGTATAAAAAGAGAAAATTCAGACTGCCC	posbulky	YMR270C	RRN9	Verified	endo_stall	7	7	2	0	1	19.5	260
YKIIKRFRWLREMKKLHYKDQ	TATAAAATTATCAAAAGATTTCGCTGGTTGAGAGAAATGAAAAAACTACATTATAAAGATCAA	FK	YOR193W	PEX27	Verified	endo_stall	8	8	0	0	1	10	185
IPQRLLLILNPILMMKRKKRK	ATACCGCAAAGGCTGCTTCTGATTCTGAATCCGATTCTGATGATGAAGAGGAAGAAAAGAAAG	posbulky	YOR309C	NA	Dubious	endo_stall	7	8	2	0	0	20	15
KKIIYKQFIFFRKVRKLFKPE	AAGAAGATTATTTATAAACAGTTTATTTTCTTCAGAAAAGTCCGAAAACTTTTCAAACCAGAA	FK	YOR320C	GNT1	Verified	endo_stall	8	10	1	0	0	12	368
IILKCYKFYKFPWKRRNRRPL	ATTATTCTAAAATGTTATAAATTTTACAAGTTTCCATGGAAGAGAAGGAATAGGAGACCTTTA	FK	YPL147W	PXA1	Verified	endo_stall	8	9	2	0	0	15	95
LKNGKLFKYWKNRRRLFSKID	TTGAAAAATGGTAAACTTTTCAAATACTGGAAAAATAGGCGTAGATTGTTTTCAAAGATAGAT	FK	YPL157W	TGS1	Verified	endo_stall	8	8	0	1	1	12	54
LYYFTSLGIKIKKKLRKLRLV	TTATATTATTTCACCTCATTGGGAATCAAGATAAAGAAAAAGTTACGGAAATTACGGCTAGTT	posbulky	YPL158C	AIM44	Verified	endo_stall	7	11	0	1	0	21	290
QAGGAPGGAAGGAPGGFPGGA	CAAGCTGGTGGTGCTCCAGGTGGCGCTGCAGGTGGTGCTCCAGGCGGTTTCCCAGGTGGTGCT	pd_pg	YAL005C	SSA1	Verified	endo_stall	0	1	3	10	0	14	617
AGQPDPKLLQQLFGGGGPDDP	GCCGGCCAACCTGATCCTAAATTGCTACAGCAGTTATTCGGTGGTGGTGGTCCTGACGATCCA	pd_pg	YBR101C	FES1	Verified	endo_stall	1	4	4	5	3	13	32
DRKPDDDPYSSSDPDPDFDSL	GACCGAAAACCTGACGACGACCCATATTCTAGCAGCGATCCCGATCCGGATTTTGACAGTCTG	pd_pg	YBR179C	FZO1	Verified	endo_stall	2	3	4	0	8	17	438
PHEGPMCDLLWSDPDDRGGWG	CCTCATGAAGGTCCTATGTGTGACCTTCTATGGTCAGACCCTGACGATAGAGGCGGATGGGGA	pd_pg	YDL134C	PPH21	Verified	endo_stall	1	4	3	4	4	12	260
PHEGPMCDLLWSDPDDRGGWG	CCTCACGAAGGTCCAATGTGTGACCTTCTATGGTCCGATCCTGATGATAGAGGCGGATGGGGA	pd_pg	YDL188C	PPH22	Verified	endo_stall	1	4	3	4	4	12	268
GGSRGGYDGPRGDYGPPRDAY	GGTGGTTCAAGAGGTGGTTATGATGGTCCAAGAGGCGATTATGGTCCTCCAAGAGATGCATAC	pd_pg	YDR432W	NPL3	Verified	endo_stall	3	3	3	7	3	13	391
GYSRGGYGGPRNDYGPPRGSY	GGTTATTCCAGAGGTGGCTATGGTGGTCCAAGAAATGATTACGGTCCTCCAAGAGGTAGCTAC	pd_pg	YDR432W	NPL3	Verified	endo_stall	3	4	3	7	1	12	370
NDYGPPRGSYGGSRGGYDGPR	AATGATTACGGTCCTCCAAGAGGTAGCTACGGTGGTTCAAGAGGTGGTTATGATGGTCCAAGA	pd_pg	YDR432W	NPL3	Verified	endo_stall	3	3	3	7	2	12	381
LLPSPDLPGSDDPIAGDPDVD	CTTCTACCTTCCCCGGATCTCCCGGGTAGCGATGACCCTATTGCAGGTGATCCTGATGTAGAC	pd_pg	YDR456W	NHX1	Verified	endo_stall	0	5	5	2	6	16	40
RAVDPDDDDELLPSPDLPGSD	AGAGCAGTTGATCCTGACGATGATGATGAACTTCTACCTTCCCCGGATCTCCCGGGTAGCGAT	pd_pg	YDR456W	NHX1	Verified	endo_stall	1	4	4	1	7	15	30
DVSGDGPPLQIYIDDPKKGDQ	GATGTTTCCGGAGATGGACCACCACTTCAAATTTATATCGATGACCCAAAAAAGGGTGATCAA	pd_pg	YDR457W	TOM1	Verified	endo_stall	2	5	3	3	5	11	929
GAAGGAPGAGPVPGAGAGPTG	GGAGCTGCAGGTGGTGCCCCAGGAGCAGGCCCAGTTCCGGGTGCTGGAGCAGGCCCCACTGGA	pd_pg	YER103W	SSA4	Verified	endo_stall	0	1	4	9	0	15	620
LGLDVHDVGGNPNYDDPDPMF	TTGGGGCTTGATGTACACGACGTTGGTGGTAATCCAAACTATGACGACCCAGATCCAATGTTT	pd_pg	YFR006W	NA	Uncharacterized	endo_stall	0	6	3	3	5	13	424
GRNDDGDDNNDPDDGTLPPLF	GGAAGGAATGACGATGGCGATGATAATAATGATCCCGACGATGGAACACTACCACCATTGTTC	pd_pg	YHR034C	PIH1	Verified	endo_stall	1	3	3	3	7	14	213
SFIPGNPNLPPDEDVIDDDGD	TCCTTTATCCCGGGAAATCCAAACTTACCTCCAGACGAAGATGTCATCGATGATGACGGGGAC	pd_pg	YHR205W	SCH9	Verified	endo_stall	0	5	4	2	6	12	775
DTPEDTTPDNGRLPDADKDAD	GACACGCCAGAGGATACTACCCCTGACAACGGGAGACTGCCTGACGCTGATAAAGACGCTGAC	pd_pg	YKR066C	CCP1	Verified	endo_stall	2	1	3	1	7	10	209
GALPPNAGGGGGGGGAGAPAI	GGAGCACTACCACCTAATGCTGGTGGAGGCGGTGGAGGAGGAGGAGCTGGAGCACCTGCCATT	pd_pg	YLR338W	OPI9	Dubious	endo_stall	0	2	3	10	0	12	244
KNGGGGGGPGGPGAGGFHDPF	AAGAATGGCGGTGGCGGTGGCGGTCCAGGAGGCCCTGGCGCAGGTGGATTCCACGATCCGTTT	pd_pg	YMR214W	SCJ1	Verified	endo_stall	1	2	3	11	1	18	103
PSFGPGGPGGAGGAGGFPGGA	CCAAGCTTTGGTCCTGGTGGTCCTGGCGGTGCTGGAGGTGCTGGAGGCTTCCCTGGCGGTGCG	pd_pg	YNL007C	SIS1	Verified	endo_stall	0	2	4	11	0	18	87
GGFGGPGGPGGQGFGRQGPQG	GGTGGATTTGGCGGTCCAGGCGGCCCTGGCGGTCAAGGTTTCGGAAGACAAGGCCCACAAGGA	pd_pg	YNL208W	NA	Verified	endo_stall	1	2	3	12	0	17	134
GRQGPQGFGGPGPQEFGGPGG	GGAAGACAAGGCCCACAAGGATTTGGAGGTCCTGGTCCACAAGAGTTTGGTGGTCCAGGTGGC	pd_pg	YNL208W	NA	Verified	endo_stall	1	2	4	10	0	17	148
EPIDPRDLDWDGPDDPDNPHN	GAGCCAATTGACCCAAGAGATCTCGATTGGGACGGGCCCGATGACCCAGACAATCCGCATAAT	pd_pg	YOR273C	TPO4	Verified	endo_stall	1	3	5	1	7	17	75
TSNIKEKGGIINNNSNNDDDD	ACTAGTAACATTAAGGAAAAAGGAGGCATCATCAACAACAACAGTAACAACGACGACGACGAC	posbulky_no_stall_cntrl	YDL035C	GPR1	Verified	endo_nostall	2	3	0	2	4	0	490
GDDDLSLFRALEEDPGSDHNT	GGTGATGATGATTTATCTCTCTTTAGAGCACTTGAAGAAGATCCAGGTAGCGACCATAACACC	posbulky_no_stall_cntrl	YER116C	SLX8	Verified	endo_nostall	1	4	1	2	5	0	81
VMVNNQNVKTVAADQSATAPS	GTGATGGTCAATAACCAAAATGTTAAAACTGTTGCTGCCGATCAGTCTGCTACAGCACCTTCT	posbulky_no_stall_cntrl	YGR097W	ASK10	Verified	endo_nostall	1	4	1	0	1	0	1010
LRIALASNKRKGSFVLRNSMA	CTTAGAATAGCGTTAGCATCAAACAAAAGGAAAGGTTCCTTTGTATTGCGCAATTCCATGGCA	posbulky_no_stall_cntrl	YGR265W	NA	Dubious	endo_nostall	5	6	0	1	0	7	14
QVINNAYLPLIPALQQSNSNS	CAGGTTATTAACAACGCATATCTCCCATTAATACCGGCACTTCAACAATCAAACAGTAATAGC	posbulky_no_stall_cntrl	YHR099W	TRA1	Verified	endo_nostall	0	7	2	0	0	2	2920
HLIDWRGSSQISMASAENQPS	CATCTAATTGATTGGAGGGGCTCGTCCCAAATCAGTATGGCGTCAGCTGAAAACCAACCTTCC	posbulky_no_stall_cntrl	YLL048C	YBT1	Verified	endo_nostall	1	4	1	1	1	0	1086
SSQIFDGVTVRADEEEEEDED	TCCTCCCAAATATTTGATGGCGTTACAGTAAGGGCCGACGAGGAAGAAGAAGAAGATGAAGAT	posbulky_no_stall_cntrl	YPL158C	AIM44	Verified	endo_nostall	1	4	0	1	4	0	649
ASKLCPVNSLIIGVDIVPMKP	GCATCCAAACTCTGTCCTGTCAACTCCTTAATTATTGGTGTTGATATTGTTCCAATGAAGCCG	FK_no_stall_cntrl	YCL054W	SPB1	Verified	endo_nostall	2	8	3	1	1	0	74
KEKTPLSIGVNCLDIDDTGQV	AAAGAAAAAACACCGTTAAGTATAGGTGTTAACTGTCTTGATATTGATGATACTGGTCAAGTG	FK_no_stall_cntrl	YDR030C	RAD28	Verified	endo_nostall	2	6	1	2	3	0	61
LSRSECTMECVSTSSSSSSSS	TTGAGCAGGTCTGAGTGCACAATGGAGTGCGTCTCCACGTCATCATCATCGTCATCGTCGTCA	FK_no_stall_cntrl	YFL021C-A	NA	Dubious	endo_nostall	1	2	0	0	0	0	57
LIKPGSTVMLLGTPDANLISK	TTAATCAAGCCAGGATCGACAGTAATGCTATTGGGGACTCCAGATGCTAACCTGATTTCTAAA	FK_no_stall_cntrl	YFR010W	UBP6	Verified	endo_nostall	2	7	2	2	1	0	74
EIKLQILLLLEIIGLNDLDWN	GAAATAAAGCTACAAATATTATTGCTATTAGAGATAATAGGATTGAACGATTTAGATTGGAAT	FK_no_stall_cntrl	YGL113W	SLD3	Verified	endo_nostall	1	12	0	1	2	0	280
TRKNMGGDSAIMHPSQMVISV	ACAAGGAAGAATATGGGCGGTGATTCTGCTATCATGCATCCATCTCAGATGGTTATTTCCGTT	FK_no_stall_cntrl	YGL206C	CHC1	Verified	endo_nostall	2	4	1	2	1	0	71
PYKDIILIQGSPLELSSIPLS	CCGTACAAGGACATAATTTTGATCCAAGGGTCACCGTTGGAACTGTCGTCTATACCTTTATCA	FK_no_stall_cntrl	YGR068C	ART5	Verified	endo_nostall	1	9	3	1	1	0	42
FEYDCQDLITSVTLSPEEGKY	TTTGAGTACGATTGTCAAGACTTAATAACATCTGTTACATTATCCCCTGAGGAGGGAAAATAC	FK_no_stall_cntrl	YMR102C	LAF1	Uncharacterized	endo_nostall	1	7	1	1	2	0	365
SLYLNSNNIAQDIISSTSSLS	TCATTGTACTTGAATTCTAATAACATAGCTCAGGACATTATAAGTTCTACATCATCTTTATCG	FK_no_stall_cntrl	YOR320C	GNT1	Verified	endo_nostall	0	7	0	0	1	0	287
SRRESSEKEELSSENEELSKR	AGTCGAAGGGAGTCGTCCGAAAAGGAAGAGCTGAGTTCTGAAAACGAAGAGCTCTCGAAAAGA	FK_no_stall_cntrl	YPL157W	TGS1	Verified	endo_nostall	5	2	0	0	0	1	284
DFDNRLVNHFIQEFKRKNKKD	GATTTTGACAACAGATTGGTCAACCACTTCATCCAAGAATTCAAGAGAAAGAACAAGAAGGAC	pdg_no_stall_cntrl	YAL005C	SSA1	Verified	endo_nostall	6	6	0	0	3	0	239
LLPSLRSSNSKAHLISSQLSQ	TTGTTGCCCTCATTGCGTTCCTCCAACTCAAAAGCACACTTAATTTCTTCACAACTTAGCCAG	pdg_no_stall_cntrl	YBR179C	FZO1	Verified	endo_nostall	2	6	1	0	0	0	79
DRGYYSVETVSYLVAMKVRYP	GATAGAGGATATTATTCTGTTGAAACTGTATCTTACCTAGTTGCCATGAAAGTCAGATACCCA	pdg_no_stall_cntrl	YDL134C	PPH21	Verified	endo_nostall	3	9	1	1	1	0	158
DRGYYSVETVSYLVAMKVRYP	GATAGAGGATATTATTCTGTTGAGACCGTATCTTACCTAGTTGCCATGAAAGTCAGATATCCA	pdg_no_stall_cntrl	YDL188C	PPH22	Verified	endo_nostall	3	9	1	1	1	0	166
FTPEEISSMILTKMKETAENF	TTTACTCCAGAAGAAATTTCCTCAATGATCTTGACAAAGATGAAGGAGACTGCTGAGAACTTT	pdg_no_stall_cntrl	YER103W	SSA4	Verified	endo_nostall	2	5	1	0	0	0	122
ALPIELNELQIQAEFEYHATR	GCGTTGCCCATCGAACTGAACGAGTTACAAATACAAGCTGAATTTGAATACCATGCAACCCGT	pdg_no_stall_cntrl	YFR006W	NA	Uncharacterized	endo_nostall	1	7	1	0	0	0	267
CDDIQLREILVEWCLESCEIR	TGCGATGATATCCAACTGCGAGAGATACTGGTCGAATGGTGCTTGGAGTCATGTGAGATCCGA	pdg_no_stall_cntrl	YHR034C	PIH1	Verified	endo_nostall	2	8	0	0	2	0	136
IYGRLLQQTVVRFLVVCFVSY	ATATATGGTAGGCTTCTTCAACAAACGGTTGTGCGCTTTTTAGTCGTATGCTTTGTCTCATAT	pdg_no_stall_cntrl	YLR338W	OPI9	Dubious	endo_nostall	2	13	0	1	0	0	270
DKDATEKEIKSAYRQLSKKYH	GACAAAGATGCCACTGAGAAGGAAATCAAATCAGCGTACAGACAATTGTCTAAGAAGTACCAT	pdg_no_stall_cntrl	YMR214W	SCJ1	Verified	endo_nostall	6	4	0	0	2	0	41
DNPHNWSSLKKWYTTMTSAFL	GACAATCCGCATAATTGGTCCTCTTTGAAGAAATGGTATACTACTATGACTTCAGCTTTTCTT	pdg_no_stall_cntrl	YOR273C	TPO4	Verified	endo_nostall	2	6	1	0	1	0	91
KKKKKKKKKKKKKKKKKKKKK	AAGAAGAAGAAGAAGAAGAAGAAGAAGAAGAAGAAGAAGAAGAAGAAGAAGAAGAAGAAGAAG	NA	AAGAAG	KK	dicodon_cntrl	dicodon_cntrl	21	0	0	0	0	NA	NA
KRKRKRKRKRKRKRKRKRKRK	AAGAGAAAGAGAAAGAGAAAGAGAAAGAGAAAGAGAAAGAGAAAGAGAAAGAGAAAGAGAAAG	NA	AAGAGA	KR	dicodon_cntrl	dicodon_cntrl	21	0	0	0	0	NA	NA
KVKVKVKVKVKVKVKVKVKVK	AAGGTTAAGGTTAAGGTTAAGGTTAAGGTTAAGGTTAAGGTTAAGGTTAAGGTTAAGGTTAAG	NA	AAGGTT	KV	dicodon_cntrl	dicodon_cntrl	11	10	0	0	0	NA	NA
KFKFKFKFKFKFKFKFKFKFK	AAGTTCAAGTTCAAGTTCAAGTTCAAGTTCAAGTTCAAGTTCAAGTTCAAGTTCAAGTTCAAG	NA	AAGTTC	KF	dicodon_cntrl	dicodon_cntrl	11	10	0	0	0	NA	NA
RKRKRKRKRKRKRKRKRKRKR	AGAAAGAGAAAGAGAAAGAGAAAGAGAAAGAGAAAGAGAAAGAGAAAGAGAAAGAGAAAGAGA	NA	AGAAAG	RK	dicodon_cntrl	dicodon_cntrl	21	0	0	0	0	NA	NA
RRRRRRRRRRRRRRRRRRRRR	AGAAGAAGAAGAAGAAGAAGAAGAAGAAGAAGAAGAAGAAGAAGAAGAAGAAGAAGAAGAAGA	NA	AGAAGA	RR	dicodon_cntrl	dicodon_cntrl	21	0	0	0	0	NA	NA
PDPDPDPDPDPDPDPDPDPDP	CCAGATCCAGATCCAGATCCAGATCCAGATCCAGATCCAGATCCAGATCCAGATCCAGATCCA	NA	CCAGAT	PD	dicodon_cntrl	dicodon_cntrl	0	0	11	0	10	NA	NA
PGPGPGPGPGPGPGPGPGPGP	CCAGGTCCAGGTCCAGGTCCAGGTCCAGGTCCAGGTCCAGGTCCAGGTCCAGGTCCAGGTCCA	NA	CCAGGT	PG	dicodon_cntrl	dicodon_cntrl	0	0	11	10	0	NA	NA
DPDPDPDPDPDPDPDPDPDPD	GATCCAGATCCAGATCCAGATCCAGATCCAGATCCAGATCCAGATCCAGATCCAGATCCAGAT	NA	GATCCA	DP	dicodon_cntrl	dicodon_cntrl	0	0	10	0	11	NA	NA
GPGPGPGPGPGPGPGPGPGPG	GGTCCAGGTCCAGGTCCAGGTCCAGGTCCAGGTCCAGGTCCAGGTCCAGGTCCAGGTCCAGGT	NA	GGTCCA	GP	dicodon_cntrl	dicodon_cntrl	0	0	10	11	0	NA	NA
VKVKVKVKVKVKVKVKVKVKV	GTTAAGGTTAAGGTTAAGGTTAAGGTTAAGGTTAAGGTTAAGGTTAAGGTTAAGGTTAAGGTT	NA	GTTAAG	VK	dicodon_cntrl	dicodon_cntrl	10	11	0	0	0	NA	NA
*********************	TAATAATAATAATAATAATAATAATAATAATAATAATAATAATAATAATAATAATAATAATAA	NA	TAATAA	**	dicodon_cntrl	dicodon_cntrl	0	0	0	0	0	NA	NA
FKFKFKFKFKFKFKFKFKFKF	TTCAAGTTCAAGTTCAAGTTCAAGTTCAAGTTCAAGTTCAAGTTCAAGTTCAAGTTCAAGTTC	NA	TTCAAG	FK	dicodon_cntrl	dicodon_cntrl	10	11	0	0	0	NA	NA
KAKAKAKAKAKAKAKAKAKAK	AAGGCTAAGGCTAAGGCTAAGGCTAAGGCTAAGGCTAAGGCTAAGGCTAAGGCTAAGGCTAAG	NA	AAGGCT	KA	dicodon_cntrl	dicodon_cntrl	11	0	0	0	0	NA	NA
AKAKAKAKAKAKAKAKAKAKA	GCTAAGGCTAAGGCTAAGGCTAAGGCTAAGGCTAAGGCTAAGGCTAAGGCTAAGGCTAAGGCT	NA	GCTAAG	AK	dicodon_cntrl	dicodon_cntrl	10	0	0	0	0	NA	NA
KLRRKRRTRRKRRKRRKRRRR	AAGCTAAGAAGGAAAAGAAGGACAAGAAGGAAAAGAAGGAAAAGAAGGAAAAGAAGGAGAAGA	posbulky	YOR309C	NA	NA	endo_kr_cntrl	19	1	0	0	0	24	55
HRRHHRRHHHHRRRRRRRRRR	CATCGTCGTCATCATCGTCGTCATCATCATCATCGTCGTCGTCGTCGTCGTCGTCGTCGTCGT	posbulky	YOR053W	NA	NA	endo_kr_cntrl	14	0	0	0	0	21	49
AKADESDPVESKKKKNKKKKK	GCAAAAGCTGACGAGTCAGACCCAGTAGAAAGCAAAAAGAAGAAGAACAAGAAAAAGAAGAAG	posbulky	YBL091C	NA	NA	endo_kr_cntrl	10	1	1	0	2	19	40
MRKRKKKMKKHKLRKRRKREK	ATGAGAAAGAGGAAAAAAAAGATGAAGAAACACAAACTGCGGAAAAGAAGAAAGAGGGAGAAG	posbulky	YLR204W	NA	NA	endo_kr_cntrl	16	1	0	0	0	18.5	91
RPAATPNLSKDKKKKSKKSKK	AGACCTGCTGCTACACCAAACTTGAGTAAGGACAAGAAAAAGAAGTCTAAGAAGAGCAAGAAA	posbulky	YDR033W	NA	NA	endo_kr_cntrl	10	1	2	0	1	18	301
EKRPHDDDGSSEKKKKKKKKD	GAAAAGAGACCTCACGATGATGATGGATCTTCGGAAAAGAAGAAGAAGAAGAAGAAGAAGGAT	posbulky	YDR174W	NA	NA	endo_kr_cntrl	10	0	1	1	4	18	226
ESSEKKKKKKEKREKREKKDK	GAGTCTAGTGAAAAGAAGAAAAAGAAGAAGGAGAAGAGGGAGAAGAGGGAGAAGAAGGATAAA	posbulky	YJL148W	NA	NA	endo_kr_cntrl	13	0	0	0	1	18	214
KDKKEKKEKKEKKDKKEKKEK	AAGGACAAGAAGGAAAAGAAGGAAAAGAAAGAAAAGAAGGACAAGAAGGAAAAGAAAGAGAAA	posbulky	YLR175W	NA	NA	endo_kr_cntrl	14	0	0	0	2	18	451
KEKKEKKEKKDKKEKKDKKEK	AAGGAAAAGAAAGAAAAGAAGGAAAAGAAGGACAAAAAGGAAAAGAAAGATAAAAAGGAAAAG	posbulky	YLR197W	NA	NA	endo_kr_cntrl	14	0	0	0	2	18	485
ETNREKDKTKAKKKSRKRNYN	GAAACAAACCGCGAAAAGGACAAAACTAAAGCAAAAAAGAAAAGCCGTAAAAGAAACTACAAC	posbulky	YMR219W	NA	NA	endo_kr_cntrl	10	1	0	0	1	18	1609
KDKKTSNDSESKKKKKKKSKK	AAAGATAAAAAGACTAGTAACGACAGTGAGAGTAAGAAGAAGAAGAAGAAGAAAAGCAAGAAG	posbulky	YMR269W	NA	NA	endo_kr_cntrl	12	0	0	0	2	18	157
KRRKRRRKRSPRKRRKRRNKD	AAGAGAAGAAAGAGAAGAAGGAAAAGAAGTCCAAGAAAGAGAAGAAAGAGAAGAAATAAGGAT	posbulky	YOR309C	NA	NA	endo_kr_cntrl	17	0	1	0	1	18	76
STAGADAKAKTAEARGKKARAQAA	TCCACCGCAGGTGCAGACGCAAAAGCAAAAACTGCAGAGGCAAGAGGAAAGAAAGCAAGAGCACAGGCAGCA	RAB12	RAB12	RAB12	ala_control	human_ala_cntrl	6	0	0	2	1	NA	NA
AAAAAADRAARAKATARAKRATTH	GCAGCAGCCGCAGCTGCAGACCGAGCAGCACGGGCAAAGGCAACCGCAAGAGCAAAGAGGGCAACCACTCAC	ADORA3	ADORA3	ADORA3	ala_control	human_ala_cntrl	6	0	0	0	1	NA	NA
STVGVDFKIKTVELRGKKIRLQIW	TCCACCGTGGGTGTTGACTTCAAAATCAAAACTGTAGAGCTAAGAGGAAAGAAAATTAGATTACAGATCTGG	RAB12	RAB12	RAB12	human_wt	human_stall	6	10	0	2	1	NA	NA
LLAIAVDRYLRVKLTVRYKRVTTH	TTGCTGGCCATCGCTGTGGACCGATACTTGCGGGTCAAGCTTACCGTCAGATACAAGAGGGTCACCACTCAC	ADORA3	ADORA3	ADORA3	human_wt	human_stall	6	11	0	0	1	NA	NA
